INSERT INTO QUESTION (ID, IS_PASSED, NO_ANSWER_NEEDED, STORY, QUESTION_TEXT) VALUES (
  1,
  FALSE,
  FALSE,
  'Вновь приветствуем Вас у памятника Александру Сергеевичу, отлично знакомому любому москвичу и гостю столицы с младых ногтей. Но мало кто знает, что изначально Пушкин вовсе не был «прописан» по этому адресу. Серьёзно, «наше всё» в бронзовом исполнении располагался на противоположной стороне Тверской. Как так?! Да очень просто: по замыслу скульптора А. М. Опекушина прогуливавшийся по центру Москвы поэт выходил к Страстному монастырю, снимал шляпу и склонял голову перед святыней. Казалось бы, отличная задумка, но… случившаяся в 1917 г. революция внесла существенные поправки в этот художественный план. Начнём с того, что монастырь был превращён в Центральный антирелигиозный музей союза безбожников, а в 1937 г. и вовсе снесён – на глазах у скорбно взирающего на это бесчинство Пушкина. Самого же поэта развернули на 180 градусов и перенесли в сквер с фонтанами и клумбами, образованный на том самом месте, где ранее находился Страстной монастырь.',
  'Кстати, Вы поняли, какое современное здание стоит на фундаментах того монастыря, о котором мы ведём свой рассказ?'
);
INSERT INTO QUESTION (ID, IS_PASSED, NO_ANSWER_NEEDED, STORY, QUESTION_TEXT) VALUES (
  2,
  FALSE,
  FALSE,
  'Вообще-то памятник гениальному русскому поэту был открыт задолго до описанных нами событий – 6 июня 1880 г. И да, пьедестал его вполне ожидаемо украсили строки из одноимённого пушкинского произведения. Правда, часть стихотворных строк не прошла цензуру. Нет, ну правда, чиновники посчитали, что строфа: «Что в мой жестокий век восславил я Свободу» бросает тень на царский режим, а потому лёгким росчерком пера заменили её на вполне невинную: «Что прелестью живой стихов я был полезен». Но будьте спокойны: историческая и литературная справедливость всё же восторжествовала! В 1936 г. оригинальный пушкинский текст, очень даже соответствовавший позиции большевиков касательно царского режима, решили вернуть на место. Ну и орфографию под шумок поменяли :) Хотя в одном-единственном месте надпись старого образца сохранилась.',
  'Встав лицом к лицу Пушкина, определите, где же сохранилась историческая надпись на постаменте памятника: слева, справа или сзади?'
);
INSERT INTO QUESTION (ID, IS_PASSED, NO_ANSWER_NEEDED, STORY, QUESTION_TEXT) VALUES (
  3,
  FALSE,
  FALSE,
  'Согласно одной из цитат стихотворения «Памятник», строки которого мы видим на данном пьедестале, Пушкин искренне надеялся на добрую память о себе представителей разных народов, которые населяли Россию в 19 в. Не сомневаемся, что потомки из разных уголков страны вспоминают великого гения с благодарностью и восхищением. Но есть одна «загвоздочка»: один из перечисленных поэтом потомков на данный момент живёт на территории собственного независимого государства.',
  'Какого именно?'
);
INSERT INTO QUESTION (ID, IS_PASSED, NO_ANSWER_NEEDED, STORY, QUESTION_TEXT) VALUES (
  4,
  FALSE,
  FALSE,
  'Как Вы поняли, здание нынешнего театра «Россия» (оно же экс-кинотеатр «Пушкинский», а ещё ранее кинотеатр «Россия») было воздвигнуто в 1964 г. на фундаментах Страстного монастыря. Что интересно, одно из монастырских строений сохранилось во время сноса и даже смогло слиться с задней частью театра – видимо, в надежде на возможное возрождение обители…',
  'Осмотревшись, ответьте на вопрос: а в каком году был основан этот монастырь с непростой судьбой?'
);
INSERT INTO QUESTION (ID, IS_PASSED, NO_ANSWER_NEEDED, STORY, QUESTION_TEXT) VALUES (
  5,
  FALSE,
  FALSE,
  'Вернувшись к памятнику Пушкину, встаньте спиной к поэту, не забыв изобразить на лице более радостное выражение, нежели то, которое скульптор запечатлел на бронзовом лике гения :) Вы спросите, почему это мы выказываем столь явное неуважение к светилу русской поэзии? Отнюдь, мы уверены, что Александр Сергеевич нас поддержит, ведь по старой памяти он наверняка и сам любуется угловым домом. На башенке жилого дома под № 17 раньше стояла статуя девушки с серпом и молотом. Кстати, моделью для этой изящной мадемуазель послужила прима-балерина Большого театра Ольга Лепешинская, в связи с чем в народе здание получило название «дом под юбкой» :) Шутники-острословы сочинили по этому поводу стишок: «Над головою у поэта воздвигли даму из балета, чтоб Александр Сергеич мог увидеть пару стройных ног». Ну, Вы ведь помните, что Пушкин был большим ценителем женских ножек? :)',
  'А в каком известном произведении он посвятил энное количество стихов этому предмету своего обожания?'
);
INSERT INTO QUESTION (ID, IS_PASSED, NO_ANSWER_NEEDED, STORY, QUESTION_TEXT) VALUES (
  6,
  FALSE,
  FALSE,
  'Увы и ах, сейчас пьедестал для лучших ножек России :) предательски пустует. Видимо, прав был поэт, говоря, что сложно найти «в России целой три пары стройных женских ног...» :) Ну а если говорить серьёзно, то со временем скульптура девушки на башне начала разваливаться, и в 1958 г. власти, не утруждая себя ремонтом, решили её просто-напросто убрать. Эх, можно себе представить, как огорчился этому факту Пушкин! Ну, мы-то с Вами не станем лить слёзы по этому поводу, а потому, обернувшись спиной к памятнику, просто завернём налево и пройдём в направлении здания с вывеской Н&M. Достигнув наземного пешеходного перехода, перейдите по нему на другую сторону Страстного бульвара и, повернув налево, спуститесь в подземный переход, чтобы через него попасть аккурат к «дому под юбкой». Хотя… секууундочку! Вы заметили это панно, выполненное в технике флорентийской мозаики? Между прочим, оно состоит из тонких пластинок двух десятков сортов мрамора, а также полудрагоценных камней – оникса, хризолита, змеевика… ',
  'Изучив эту прекрасную мозаику и используя полученную ранее информацию, ответьте на вопрос: в состав какого комплекса входила изображённая на данном панно церковь? '
);
INSERT INTO QUESTION (ID, IS_PASSED, NO_ANSWER_NEEDED, STORY, QUESTION_TEXT) VALUES (
  7,
  FALSE,
  FALSE,
  'Выйдя из подземного перехода, пройдите буквально пару шагов по Тверскому бульвару, вдоль фасада того самого «дома под юбкой». Почти сразу же на Вашем пути возникнет магазин и ресторан «Армения» в одном лице – в смысле, в одном крыльце :) Проявив внимательность, Вы заметите, что оба этих заведения, помимо всего прочего, украшает герб этой страны.',
  'А какие изображённые на нём животные символизируют мудрость и благородство, а также гордость и терпение армянского народа?'
);
INSERT INTO QUESTION (ID, IS_PASSED, NO_ANSWER_NEEDED, STORY, QUESTION_TEXT) VALUES (
  8,
  FALSE,
  TRUE,
  'Ну а теперь будьте готовы немного «потопать» :) Нет, ну не зря же Тверской бульвар называют самым длинным в Москве: его протяжённость составляет целых 872 м! Но… будьте спокойны: Вам вовсе не придётся преодолевать это расстояние за раз! По пути мы сделаем немалое количество квестовых остановок. И для начала как следует изучим следующие за «домом под юбкой» здания в стиле классицизма, фасады которых давно и прочно срослись между собой. Вы спросите, почему? Всему виной их совместная история, ведь дома эти являлись частью бывшего усадебного комплекса середины 18 в. Эта усадьба принадлежала одному из фаворитов Екатерины II – молодому, симпатичному и недалёкому Ивану Римскому-Корсакову. Нет-нет, не композитору, а красавцу-вельможе, знатному Дон Жуану екатерининских времён. Чтобы Вы понимали, насколько он был хорош собой: Екатерина писала, что «его следовало бы брать как модель» всем скульпторам и живописцам. В общем, огонь-мужчина, как сказали бы в наши дни :) Ах да, этот юноша успел вскружить голову не только императрице, но и многим придворным дамам, за что был в итоге удалён со двора. В числе поддавшихся его чарам была и графиня Е. П. Строганова, которая увлеклась Римским-Корсаковым настолько, что оставила в Петербурге не только мужа, но и 5-летнего сына и последовала за возлюбленным в Москву. Кстати, надо отдать должное благородству мужа графини: он не просто отпустил жену с миром, но и наделил деньгами, домом и имением. Вот такая вот незаурядная история!',
  ''
);
INSERT INTO QUESTION (ID, IS_PASSED, NO_ANSWER_NEEDED, STORY, QUESTION_TEXT) VALUES (
  9,
  FALSE,
  FALSE,
  'Несмотря на кажущееся безрассудство, этот «роман противоположностей» прошёл испытание временем. До конца своих дней графиня хранила привязанность к Римскому-Корсакову, и они счастливо жили между имением в Братцево и Москвой, где одинаково роскошно принимали высшее общество. Поговаривают даже, что в этом доме на Тверском бульваре Ивана Николаевича посещал сам А. С. Пушкин, любивший послушать его рассказы о Екатерине, Потёмкине и былых временах. Не зря же в наши дни в одном из зданий экс-усадьбы располагается кафе «Пушкинъ» с изысканным меню и непомерно высокими ценами. Впрочем, помимо имени гениального поэта, Вы встретите на фасаде одного из строений экс-усадьбы ещё одно знаковое имя, принадлежащее сказочной китайской принцессе.',
  'Ну что, нашли упоминание этой прекрасной особы на одном из здешних фасадов? В таком случае назовите её имя!'
);
INSERT INTO QUESTION (ID, IS_PASSED, NO_ANSWER_NEEDED, STORY, QUESTION_TEXT) VALUES (
  10,
  FALSE,
  TRUE,
  'Имя прекрасной принцессы Турандот, так же как и имя бывшего владельца этих зданий, связано с любовной историей. Да-да, согласно сюжету одноимённой сказки итальянского драматурга Карло Гоцци, эта китайская принцесса категорически не хотела выходить замуж. Но вот незадача – отец настаивал! Чтобы избавиться от назойливых претендентов на свои руку и сердце, девушка придумала для бедолаг-женихов заведомо невыполнимое испытание: три труднейших загадки. Кто их не отгадает… В общем, Вы поняли: казнить, нельзя помиловать. И что бы Вы думали? Желающих нашлось немало, а, значит, немало оказалось и тех, кто лишился голов по собственной глупости. Так бы и продолжался дальше этот любовный беспредел, если бы на сцене не появился принц Калаф. Ему-то и удалось завоевать сердце непокорной красавицы и даже сыграть с ней свадебку. Ну, Вы поняли: в общем, happy end :)',
  ''
);
INSERT INTO QUESTION (ID, IS_PASSED, NO_ANSWER_NEEDED, STORY, QUESTION_TEXT) VALUES (
  11,
  FALSE,
  FALSE,
  'Дом Римского-Корсакова «с большим великолепным садом, с беседками, статуями и прудами» являлся без преувеличения украшением Тверского бульвара. Эх, до чего же жаль, что вся эта красота доступна нам сегодня лишь в весьма усечённом объёме. Да, до наших дней дошли лишь частично сохранившиеся фасады, которые чудом остались после сноса всех зданий усадьбы в рамках «реставрации» 2007 г. Ну что ж, будем довольствоваться теми «крохами» былого великолепия, что остались нам в наследство… Продолжив изучать длинный и разноцветный фасад экс-усадьбы Римского-Корсакова, Вы обнаружите на нём мифологических существ – так называемых грифонов.',
  'А в каком именно месте фасада они притаились?'
);
INSERT INTO QUESTION (ID, IS_PASSED, NO_ANSWER_NEEDED, STORY, QUESTION_TEXT) VALUES (
  12,
  FALSE,
  FALSE,
  'Проходя мимо чередующихся розовых и жёлтых особнячков бывшей усадьбы, обратите внимание на их декор. На одном из них Вы найдёте медальоны-барельефы с изображением орлов и заметите, что некоторые из этих птиц смотрят друг на друга – словно находятся в процессе увлечённой беседы.',
  'А какой по счёту орёл (если считать слева направо) не нашёл достойного собеседника на этом фасаде? :)'
);
INSERT INTO QUESTION (ID, IS_PASSED, NO_ANSWER_NEEDED, STORY, QUESTION_TEXT) VALUES (
  13,
  FALSE,
  FALSE,
  'Продолжим движение вперёд, тем более что Тверскому бульвару ещё определённо есть чем похвастаться :) Скажем, один из стоявших здесь ранее домов, в которых графиня Е. П. Строганова и И. Н. Римский-Корсаков жили долго, счастливо и на широкую ногу, позднее принадлежал самой богатой семье России – князьям Юсуповым. А точнее тому самому Феликсу Юсупову, который участвовал в убийстве Григория Распутина. Правда, сам красавец-князь в доме особо не проживал, зато во время одного из своих визитов успел, по слухам, спрятать здесь клад. Увы, отправиться на поиски сокровищ в наши дни не удастся, ведь дом этот, совместно с другими «собратьями», канул в Лету… От него остался лишь флигель – д. 23, стр. 1, как он именуется в наши дни. И да, этот домик – единственная сохранившаяся историческая постройка во всём комплексе экс-усадьбы! Правда, его пришлось изрядно подремонтировать после пожара…',
  'А в каком году произошёл пожар, о котором идёт речь?'
);
INSERT INTO QUESTION (ID, IS_PASSED, NO_ANSWER_NEEDED, STORY, QUESTION_TEXT) VALUES (
  14,
  FALSE,
  FALSE,
  'Подходим к очередной достопримечательности на нашем пути. И это – та-дам! – МХАТ им. Горького. Тот самый МХАТ, что чтит традиции К. С. Станиславского и В. И. Немировича-Данченко и с честью несёт театральное знамя, появившееся в советскую эпоху. В общем, неудивительно, что во времена Советского Союза он был награждён аж тремя различными орденами, которые Вы можете видеть на фасаде здания. Изучая эти ордена, Вы наверняка заметите на одном из них некое устройство для передвижения по воде, у которого, кстати, есть собственное название.',
  'Порывшись в глубинах памяти, ответьте: какое же имя носит это плавучее сооружение?'
);
INSERT INTO QUESTION (ID, IS_PASSED, NO_ANSWER_NEEDED, STORY, QUESTION_TEXT) VALUES (
  15,
  FALSE,
  FALSE,
  'Возможно, Вы в курсе, что ещё в 1987 г. МХАТ СССР им. М. Горького разделился на два лагеря: МХАТ под руководством Олега Ефремова, получивший имя А. П. Чехова, и МХАТ под руководством Татьяны Дорониной, сохранивший в своём названии имя М. Горького. Здешний МХАТ определил своё театральное кредо как «возвращение к Станиславскому», ну а МХТ им. А. П. Чехова… нет, не пустился во все тяжкие :), но, скажем так, оказался гораздо более открыт к экспериментам и обновлениям. При этом труппы обоих театров сохранили в своих эмблемах главную символику некогда единого МХАТа.',
  'Так что же является символом двух этих театров?'
);
INSERT INTO QUESTION (ID, IS_PASSED, NO_ANSWER_NEEDED, STORY, QUESTION_TEXT) VALUES (
  16,
  FALSE,
  FALSE,
  'Дойдя до конца фасада театра, перейдите по пешеходному переходу к временно потерявшей свой зелёный облик части бульвара и, завернув налево, продолжайте движение в направлении виднеющегося впереди памятника. Ладно-ладно, не станем держать интригу и сразу раскроем карты :) Мы движемся к памятнику Сергею Есенину, открытому к 100-летию со дня рождения поэта. Подойдя ближе и как следует рассмотрев этот монумент, попробуйте разгадать художественный замысел скульптора и ответьте:',
  'Какая деталь памятника говорит нам о том, что у Есенина «душа была нараспашку»?'
);
INSERT INTO QUESTION (ID, IS_PASSED, NO_ANSWER_NEEDED, STORY, QUESTION_TEXT) VALUES (
  17,
  FALSE,
  FALSE,
  'Что и говорить, Сергей Есенин – один из самых известных поэтов 20 столетия, певец крестьянской Руси, «поэт-самородок», как называл его Александр Блок. Этот скромный рязанский парень достиг больших высот, прославляя Родину, снова и снова признаваясь в любви алым зорям, туманным берегам и стогам сена… И именно такого парня, простого и талантливого, хотели увековечить создатели данного монумента. Неудивительно, что образ Есенина получился у них таким живым и неформальным. Кстати, создавал памятник скульптор А. Бичуков. ',
  'А кто же является архитектором данного монумента?'
);
INSERT INTO QUESTION (ID, IS_PASSED, NO_ANSWER_NEEDED, STORY, QUESTION_TEXT) VALUES (
  18,
  FALSE,
  FALSE,
  'Не знаем, заметили Вы или нет, но недалеко от монумента Есенина находится ещё одна скульптура из бронзы на гранитном постаменте. Более того, считается, что она косвенно связана с поэтом, т. к. установлена в честь находившегося поблизости кафе, в котором бывали многие общественные деятели и представители творческих профессий, включая Есенина.',
  'Найдите же эту скульптуру и скажите, кто в ней увековечен!'
);
INSERT INTO QUESTION (ID, IS_PASSED, NO_ANSWER_NEEDED, STORY, QUESTION_TEXT) VALUES (
  19,
  FALSE,
  TRUE,
  'Попрощавшись с поэтом и Пегасом, вернитесь к тому месту, где Вы прошли на зелёную часть бульвара, и перейдите по пешеходному переходу на противоположную МХАТу сторону Тверского бульвара. Затем заверните направо и подойдите к дому № 24 стр. 1. Забавное совпадение: именно здесь, практически напротив МХАТа им. Горького, находится учебное заведение, также носящее имя писателя – Литературный институт им. Горького. Ну а 2х2 дают в нашем случае… нет, не 4, а художественную работу, посвящённую этому известному русскому писателю. Другими словами, «Горький в квадрате» :)',
  'Как Вы поняли из сюжета полотна, Ворошилов и Горький соревнуются в стрельбе. Думаем, у Вас не возникло сомнений в том, кто из изображённых на картине героев лидирует в счёте. Вопрос в другом: сколько очков успел выбить Климент Ворошилов за время этого соревнования?'
);
INSERT INTO QUESTION (ID, IS_PASSED, NO_ANSWER_NEEDED, STORY, QUESTION_TEXT) VALUES (
  20,
  FALSE,
  FALSE,
  'Заметили, что здание, расположенное по соседству с Литературным институтом, это ещё один театр? Да-да, театр им. А. С. Пушкина. Вообще, прежде чем посвятить себя сцене, это здание, будучи главным домом городской усадьбы, успело сменить многих владельцев. Но в итоге жажда сцены взяла своё :), и в 1914 г. оно – после кардинальной перестройки – «приютило» у себя только что образованный Камерный театр. Ну а он в свою очередь был позднее переименован в Московский драматический театр им. А. С. Пушкина. Кстати, острословы подметили, что театр им. Пушкина находится прямо напротив театра им. Горького и незамедлительно придумали последнему прозвище.',
  'Догадываетесь, чьим именем они прозвали этот театр?'
);
INSERT INTO QUESTION (ID, IS_PASSED, NO_ANSWER_NEEDED, STORY, QUESTION_TEXT) VALUES (
  21,
  FALSE,
  FALSE,
  'Прежде чем продолжить прогулку по бульвару, давайте на минутку завернём направо – в Богословский переулок, чтобы познакомиться со зданием, которое некогда принадлежало театру им. А. С. Пушкина. Да-да, речь о «соседе» здания-театрала – храме Иоанна Богослова в Бронной слободе. Ох, и через какие только перипетии не прошёл этот храм после революции! После 1917 г. он был закрыт и превращён в склад, а одно время здесь даже действовала тюрьма. Кроме того, церковь имела отношение к театральной жизни, правда, не по собственной воле. В течение продолжительного времени здесь размещалась художественная мастерская по производству декораций к спектаклям. Кто-то скажет, что по советским меркам это было не так уж плохо. Однако именно в этот период было полностью уничтожено внутреннее убранство храма, не говоря уже о том, что церковь лишилась своих куполов. К счастью, храм Иоанна Богослова всё же обрёл свой первоначальный вид после того, как в 1995 г. театральные мастерские его покинули.',
  'Тем не менее, театр решил оставить в Богословском переулке небольшое упоминание о себе в виде логотипа, помещённого рядом с неким прибором. Так что же это за прибор, с которым объединён логотип театра им. Пушкина?'
);
INSERT INTO QUESTION (ID, IS_PASSED, NO_ANSWER_NEEDED, STORY, QUESTION_TEXT) VALUES (
  22,
  FALSE,
  FALSE,
  'Вернёмся на Тверской бульвар и, завернув направо, пройдём прямиком к дому под № 19. Почему к нему? Дело в том, что именно в нём проживал выдающийся хирург с золотыми руками, блестящий учёный и автор нескольких величайших открытий в медицине – Николай Васильевич Склифосовский. Это его имя увековечено в Институте скорой помощи. Это его перу принадлежит более 100 научных работ. Это он одним из первых начал выполнять целый ряд сложных операций. Это ему Москва обязана постройкой прекрасного Клинического городка Московского университета, сделанного по последнему слову медицинской науки и техники. Ну а человечество в целом обязано Склифосовскому методами антисептики и асептики – проще говоря, тем, что врачи стали дезинфицировать инструменты и медицинское бельё перед операциями.',
  'А ещё Склифосовский одним из первых начал призывать врачей к тому, чтобы выполнять перед медосмотром общепринятую в наше время процедуру. Какую же?'
);
INSERT INTO QUESTION (ID, IS_PASSED, NO_ANSWER_NEEDED, STORY, QUESTION_TEXT) VALUES (
  23,
  FALSE,
  FALSE,
  'Ну что, следуем дальше! Кстати, проходя мимо фасада дома белого цвета под № 15 стр. 1, обратите внимание на декоративное оформление первого балкона на Вашем пути. Не волнуйтесь, Вы его не пропустите, не так-то много в округе двухэтажных строений. Так вот, изучите декоративное оформление первого балкона данного дома и ответьте:',
  'Какой архитектурный элемент, характерный для церквей, напоминают некоторые его украшения?'
);
INSERT INTO QUESTION (ID, IS_PASSED, NO_ANSWER_NEEDED, STORY, QUESTION_TEXT) VALUES (
  24,
  FALSE,
  FALSE,
  'Следующее здание, на которое мы хотим обратить Ваше внимание, – это дом под № 13. Так называемый дом Голохвастовых, который получил эту «кличку» по одному из своих знаменитых владельцев. Возможно, Вы и не слышали о Дмитрии Павловиче Голохвастове, а между тем он был писателем, историком, археологом и попечителем Московского университета. А ещё именно он председательствовал в Московском цензурном комитете – то бишь занимался анализом и допуском литературных произведений к печати. Сами понимаете: через руки Дмитрия Павловича прошло немало различных рукописей, в том числе весьма именитых авторов. Скажем, его цензуре подверглось известное ныне произведение о похождениях человека, который занимался скупкой необычного товара.',
  'Ну что, догадались, о каком произведении идёт речь? В таком случае назовите его автора!'
);
INSERT INTO QUESTION (ID, IS_PASSED, NO_ANSWER_NEEDED, STORY, QUESTION_TEXT) VALUES (
  25,
  FALSE,
  FALSE,
  'Внимательный прохожий заметит на доме № 13 мемориальный знак гражданской инициативы «Последний адрес». Этот проект призван увековечить память людей, которые подверглись политическим репрессиям в годы советской власти. Скажем, в доме, о котором идёт речь, несколько лет своей жизни провёл Виталий Борисович Сагалатов – человек, знавший 9 языков и составлявший на момент ареста русско-португальский словарь…',
  'Как думаете, а кем он был по специальности? Чтобы ответить на этот вопрос, найдите вышеназванную мемориальную табличку на здании.'
);
INSERT INTO QUESTION (ID, IS_PASSED, NO_ANSWER_NEEDED, STORY, QUESTION_TEXT) VALUES (
  26,
  FALSE,
  FALSE,
  'Следующую остановку предлагаем сделать у дома № 11. Нет, ну нельзя же, право слово, пропустить старинный особняк 18 в., который был известен всей Москве как адрес великой русской актрисы Марии Ермоловой! :) Здесь её навещали В. И. Немирович-Данченко, К. С. Станиславский, Ф. И. Шаляпин… Вообще же в этом доме драматическая актриса прожила вплоть до своей смерти в 1928 г. Сегодня в этом здании создан музей памяти Ермоловой.',
  'Выясните, а к какому головному музею относится этот филиал.'
);
INSERT INTO QUESTION (ID, IS_PASSED, NO_ANSWER_NEEDED, STORY, QUESTION_TEXT) VALUES (
  27,
  FALSE,
  FALSE,
  'Следующий дом под № 7, известный под кодовым словом «Романовка», принадлежал когда-то… да-да, Романову. Но – не тому, о котором Вы подумали. Последний владелец усадьбы с «козырной» фамилией :) устроил здесь дешёвые меблированные комнаты для студентов консерватории и Московского училища живописи, ваяния и зодчества. Здесь перебывали многие молодые и талантливые, но сами понимаете: общежитие – оно и на Тверском бульваре общежитие :) То ли дело, когда усадьба принадлежала одной из богатейших фамилий царской России – князьям Голицыным. Что и говорить, усадебная жизнь разительно отличалась от студенческой! Кстати, поговаривают, что именно экс-владелец данного дома, Михаил Васильевич Голицын сделал бульвару щедрый подарок: за свой счёт установил на нём значительно приукрасившие его приборы.',
  'Догадываетесь, за счёт чего именно «прихорошился» Тверской бульвар? :)'
);
INSERT INTO QUESTION (ID, IS_PASSED, NO_ANSWER_NEEDED, STORY, QUESTION_TEXT) VALUES (
  28,
  FALSE,
  FALSE,
  'Между прочим, именно от этих приборов пошло знаменитое выражение «офонареть». Почему? Да потому, что раньше фонари эти работали на спирту. Сами понимаете, какой выпивоха мог пройти мимо такого прибора, не отведав из него эликсира хорошего настроения? :) Ну а после нескольких таких остановок человек… кхм-кхм, хорошенько так «поднабирался», отчего в народе его и прозвали «офонаревшим» :) Эх, и на что только не шли чиновники, чтобы отвадить любителей выпить от бесплатного «угощения»! Однажды заведовавший городскими фонарями брандмайор Беринг приказал добавлять в фонарный спирт отвратительную пахучую жидкость. Когда «пойло» было готово, он позвал самого заядлого пропойцу-фонарщика и предложил ему залпом осушить стакан. И что бы Вы думали? Выпил – и глазом не моргнул. Вот что значит «профессионализм» :) В общем, чиновникам не оставалось ничего иного, кроме как начать внедрять в обиход другие, принципиально новые виды городских фонарей... Дойдя до границы Тверского бульвара, перейдите по пешеходному переходу к виднеющемуся впереди фонтану-ротонде «Наталья и Александр», который был открыт в день 200-летней годовщины со дня рождения А. С. Пушкина.',
  'А вот в каком именно году это произошло – Вам и предстоит узнать!'
);
INSERT INTO QUESTION (ID, IS_PASSED, NO_ANSWER_NEEDED, STORY, QUESTION_TEXT) VALUES (
  29,
  FALSE,
  TRUE,
  'Заметили, как золотится металлическая черепица купола ротонды? Вынуждены Вас разочаровать: изготовлена она из нержавейки и с помощью лазера покрыта нитридом титана. Он-то и придаёт ей золотистый блеск, а также обеспечивает большую долговечность. Ну, это так, к слову – вдруг заметите, как кто-то пытается отколоть кусочек «золота» от этой самой черепицы. Так вот, теперь Вы точно знаете, как одной фразой отвадить хулиганов от этого недальновидного поступка :) А вот что касается поступков дальновидных… Предлагаем Вам сделать селфи на этом самом месте – с целью выложить его в соцсети вкупе со своим отзывом об этой квест-экскурсии. Если Вы ещё и присовокупите к ним наши хэштеги #questplanet #планетаквестов, то, как пить дать, получите от нас 15% скидку на следующую квест-экскурсию. Дальновидно? А то! :) Так что вперёд, к активным фото-действиям!',
  ''
);
INSERT INTO QUESTION (ID, IS_PASSED, NO_ANSWER_NEEDED, STORY, QUESTION_TEXT) VALUES (
  30,
  FALSE,
  FALSE,
  'Продолжаем нашу квест-прогулку! Для того, чтобы попасть на расположенный сразу за Тверским Никитский бульвар, перейдите Большую Никитскую ул. по пешеходному переходу, который расположен прямо напротив того перехода, по которому Вы подошли к фонтану-ротонде. Но прежде чем выйти на следующий бульвар, давайте подойдём к виднеющейся впереди белокаменной церкви с высокой шатровой колокольней – храму Феодора Студита у Никитских ворот. Эта церковь знаменита тем, что одним из её прихожан был А. В. Суворов – тот самый прославленный полководец, который не проиграл ни одного сражения за всю свою карьеру! А ещё на фасаде храма Вы встретите довольно неожиданный для русской церковной архитектуры декоративный элемент – изображение павлинов.',
  'Так сколько же этих прекрасных птиц «живёт» на фасаде данного храма?'
);
INSERT INTO QUESTION (ID, IS_PASSED, NO_ANSWER_NEEDED, STORY, QUESTION_TEXT) VALUES (
  31,
  FALSE,
  TRUE,
  'Так что же делают павлины на фасаде церкви? Дело в том, что в христианской традиции они символизируют бессмертие и нетленность души – в силу того, что плоть убитой птицы не разлагается, а лишь ссыхается и каменеет. А ещё «глаза» павлина частенько трактуют как символ «всевидящей» церкви. В общем, Вы поняли: не зря эти птицы «застолбили» себе место на фасаде церкви :) Покинем территорию храма через ворота заднего двора (т. е. с противоположной стороны от той, с которой мы сюда заходили) и проследуем вдоль стены расположенного слева дома до первой проходной арки на нашем пути. Кстати, это серое здание интересно тем, что в нём жила Елена Сергеевна Булгакова – третья жена знаменитого писателя и драматурга. Ну а в гости к ней приходила – кто бы Вы думали? – сама Анна Ахматова. Вот каких известных дам помнят эти стены! Кстати, нас с Вами они тоже наверняка уже запомнили :), так что смело ныряйте в проходную арку дома, чтобы прямо через неё попасть на Никитский бульвар.',
  'Так сколько же этих прекрасных птиц «живёт» на фасаде данного храма?'
);
INSERT INTO QUESTION (ID, IS_PASSED, NO_ANSWER_NEEDED, STORY, QUESTION_TEXT) VALUES (
  32,
  FALSE,
  FALSE,
  'Выйдя на бульвар, поверните направо и неспешно двигайтесь вперёд, к дому под № 9. Ну а пока суть да дело – мы немного расскажем Вам об истории этого места. Никитский бульвар – так же, как и предыдущий исхоженный нами, Тверской – был разбит на месте снесённой за ненадобностью стены Белого города. Только Тверской бульвар получил своё имя по названию улицы, к которой примыкает, а Никитский нарекли так по имени располагавшегося здесь женского монастыря, разрушенного в 1920-е гг. Ну что, добрались до вышеназванного здания? Отлично! Перед нами знаменитый «Дом полярников», в своё время перестроенный из доходного дома графини Н. А. Шереметевой. Считается, что этот эффектный жилой дом в итальянском стиле – один из самых изящных примеров предвоенной советской архитектуры. Нет, ну не зря же его отдали полярникам! Чтобы Вы понимали: в 1930-х гг. они считались элитой общества, его «высшей лигой».',
  'В разные годы здесь жили девять Героев Советского Союза. А ещё, наряду с покорителями Арктики, в этом доме проживал известный советский актёр театра и кино. Изучая фасад здания, Вы без труда сможете найти ответ на вопрос, кто же это был.'
);
INSERT INTO QUESTION (ID, IS_PASSED, NO_ANSWER_NEEDED, STORY, QUESTION_TEXT) VALUES (
  33,
  FALSE,
  FALSE,
  'Бывший флигель графини Шереметевой, расположенный в самом конце этого дома – единственное оригинальное строение, оставшееся от графских владений. Более того, оно легко узнаётся в составе здания своим дизайном в стиле модерн. Вы, конечно же, знаете, что традиционным для этого стиля является фигурное оформление оконного проёма, расположенного над входной дверью.',
  'А какой элемент дверного устройства напоминает Вам оконный проём над козырьком входной двери рассматриваемого нами здания?'
);
INSERT INTO QUESTION (ID, IS_PASSED, NO_ANSWER_NEEDED, STORY, QUESTION_TEXT) VALUES (
  34,
  FALSE,
  FALSE,
  'Следующий за ним дом под № 7А – бывшая усадьба русского государственного деятеля графа А. Толстого. Но интересен дом даже не этим, а тем, что именно в нём провёл последние годы своей жизни Н. В. Гоголь. Неудивительно, что позже здесь был открыт мемориальный музей писателя, а также установлен памятник Николаю Васильевичу работы скульптора Н. Андреева. С ним мы, кстати, и хотим Вас познакомить – в смысле с памятником, а не со скульптором :) Для этого проследуйте вдоль забора, зайдите через ворота на территорию музея и двигайтесь вглубь двора, к монументу писателя. Не правда ли, у запечатлённого здесь Гоголя весьма печальный вид? Всё потому, что скульптор решил отказаться от общепринятого стереотипа изображать великих мира сего во всём блеске их таланта и величественности. Андреевский же Гоголь, напротив, предстаёт перед нами в период душевного кризиса – утратившим веру в своё творчество и отчаянно опустошённым. Таким, каким он и был на закате свой жизни… Впрочем, давайте больше не будем о плохом. Мы знаем верное средство отвлечься от грустных мыслей, и это – квестовый вопрос! :)',
  'Взгляните: на постаменте памятника Вы видите барельефы, на которых «в тесноте, да не в обиде» :) разместились герои наиболее известных произведений писателя. Но вот что любопытно: один из изображённых здесь персонажей – не человек. Тогда кто же это?'
);





--
-- TIPS
--


INSERT INTO QUESTION_TIPS (QUESTION_ID, IS_USED, TIP_TEXT) VALUES (
    1, FALSE, 'Вот же оно, высится прямо перед Вами в конце сквера.'
);
INSERT INTO QUESTION_TIPS (QUESTION_ID, IS_USED, TIP_TEXT) VALUES (
  1, FALSE, 'В наши дни в этом здании, как правило, дают мюзиклы.'
);

INSERT INTO QUESTION_TIPS (QUESTION_ID, IS_USED, TIP_TEXT) VALUES (
  2, FALSE, 'Оригинальный текст нанесён высоким рельефом в старой орфографии.'
);
INSERT INTO QUESTION_TIPS (QUESTION_ID, IS_USED, TIP_TEXT) VALUES (
  2, FALSE, 'Это надпись: «Сооруженъ въ 1880 году».'
);

INSERT INTO QUESTION_TIPS (QUESTION_ID, IS_USED, TIP_TEXT) VALUES (
  3, FALSE, 'Тунгусы и калмыки являются народами РФ.'
);
INSERT INTO QUESTION_TIPS (QUESTION_ID, IS_USED, TIP_TEXT) VALUES (
  3, FALSE, 'Славяне – это крупнейшая в Европе этноязыковая общность. '
);

INSERT INTO QUESTION_TIPS (QUESTION_ID, IS_USED, TIP_TEXT) VALUES (
  4, FALSE, 'Ответ Вы найдёте на памятном камне, расположенном рядом с фонтаном. '
);

INSERT INTO QUESTION_TIPS (QUESTION_ID, IS_USED, TIP_TEXT) VALUES (
  5, FALSE, 'Речь идёт о, пожалуй, самом известном произведении Пушкина.'
);
INSERT INTO QUESTION_TIPS (QUESTION_ID, IS_USED, TIP_TEXT) VALUES (
  5, FALSE, 'Мы намекаем на культовый роман в стихах, который по праву называют энциклопедией русской жизни 1820-ых гг.'
);

INSERT INTO QUESTION_TIPS (QUESTION_ID, IS_USED, TIP_TEXT) VALUES (
6, FALSE, 'Изучите оформление подземного перехода ещё до того, как спуститесь в него – там Вы и найдете это прекрасное панно.'
);
INSERT INTO QUESTION_TIPS (QUESTION_ID, IS_USED, TIP_TEXT) VALUES (
  6, FALSE, 'Сегодня на месте этого комплекса располагается театр «Россия».'
);

INSERT INTO QUESTION_TIPS (QUESTION_ID, IS_USED, TIP_TEXT) VALUES (
  7, FALSE, 'Будьте внимательны! Этих животных двое!'
);
INSERT INTO QUESTION_TIPS (QUESTION_ID, IS_USED, TIP_TEXT) VALUES (
  7, FALSE, 'Гербы Вы увидите на светильниках, прикреплённых к фасаду здания.'
);
INSERT INTO QUESTION_TIPS (QUESTION_ID, IS_USED, TIP_TEXT) VALUES (
  7, FALSE, 'Обратите внимание не на щит, а на поддерживающих его животных.'
);

INSERT INTO QUESTION_TIPS (QUESTION_ID, IS_USED, TIP_TEXT) VALUES (
  9, FALSE, 'Ответ Вы найдёте на вывеске рядом с дверью расположившегося здесь кафе. Да-да, ещё одного :)'
);
INSERT INTO QUESTION_TIPS (QUESTION_ID, IS_USED, TIP_TEXT) VALUES (
  9, FALSE, 'Это кафе находится в первом по счёту здании жёлтого цвета.'
);

INSERT INTO QUESTION_TIPS (QUESTION_ID, IS_USED, TIP_TEXT) VALUES (
  11, FALSE, 'Этих существ Вы также обнаружите на первом по счёту жёлтом здании.'
);
INSERT INTO QUESTION_TIPS (QUESTION_ID, IS_USED, TIP_TEXT) VALUES (
  11, FALSE, 'Внимательно изучите кронштейны фонарей. Ну как, нашли этих крылатых грифончиков? :)'
);

INSERT INTO QUESTION_TIPS (QUESTION_ID, IS_USED, TIP_TEXT) VALUES (
  12, FALSE, 'Ищите эти медальоны на втором по счёту жёлтом особняке.'
);
INSERT INTO QUESTION_TIPS (QUESTION_ID, IS_USED, TIP_TEXT) VALUES (
  12, FALSE, 'Они расположены сразу над балконами.'
);

INSERT INTO QUESTION_TIPS (QUESTION_ID, IS_USED, TIP_TEXT) VALUES (
  13, FALSE, 'Ответ Вы найдёте на мемориальной доске, расположенной на фасаде здания.'
);

INSERT INTO QUESTION_TIPS (QUESTION_ID, IS_USED, TIP_TEXT) VALUES (
  14, FALSE, 'Точно такое же имя носит богиня утренней зари в римской мифологии.'
);
INSERT INTO QUESTION_TIPS (QUESTION_ID, IS_USED, TIP_TEXT) VALUES (
  14, FALSE, 'Это крейсер, и находится он в Санкт-Петербурге.'
);

INSERT INTO QUESTION_TIPS (QUESTION_ID, IS_USED, TIP_TEXT) VALUES (
  15, FALSE, 'Этот символ Вы найдёте на табличке с названием театра рядом с тремя орденами. '
);
INSERT INTO QUESTION_TIPS (QUESTION_ID, IS_USED, TIP_TEXT) VALUES (
  15, FALSE, 'Он имеет непосредственное отношение к Антону Павловичу. Точнее, к одной из его пьес.'
);

INSERT INTO QUESTION_TIPS (QUESTION_ID, IS_USED, TIP_TEXT) VALUES (
  16, FALSE, 'Обратите внимание на ворот рубахи поэта. '
);

INSERT INTO QUESTION_TIPS (QUESTION_ID, IS_USED, TIP_TEXT) VALUES (
  17, FALSE, 'Ответ на наш вопрос ждёт Вас на гранитной тумбе архитектурного комплекса.'
);
INSERT INTO QUESTION_TIPS (QUESTION_ID, IS_USED, TIP_TEXT) VALUES (
  17, FALSE, 'Вам следует изучить не пьедестал памятника, а гранитную тумбу слева от скульптуры поэта.'
);

INSERT INTO QUESTION_TIPS (QUESTION_ID, IS_USED, TIP_TEXT) VALUES (
  18, FALSE, 'Ищите эту небольшую скульптуру справа от памятника поэту (если стоять к нему лицом).'
);
INSERT INTO QUESTION_TIPS (QUESTION_ID, IS_USED, TIP_TEXT) VALUES (
  18, FALSE, 'Это, конечно, лошадка с крылышками, но у неё есть и вполне конкретное имя :) Кстати, в древнегреческой мифологии этот крылатый конь являлся любимцем муз.'
);

INSERT INTO QUESTION_TIPS (QUESTION_ID, IS_USED, TIP_TEXT) VALUES (
  20, FALSE, 'Здания обоих театров находятся весьма близко друг к другу – можно сказать, на расстоянии пистолетного выстрела…'
);
INSERT INTO QUESTION_TIPS (QUESTION_ID, IS_USED, TIP_TEXT) VALUES (
  20, FALSE, 'Вспомните, как звали человека, который смертельно ранил Пушкина на роковой дуэли, и Вы без труда ответите на наш вопрос.'
);

INSERT INTO QUESTION_TIPS (QUESTION_ID, IS_USED, TIP_TEXT) VALUES (
  21, FALSE, 'Логотип театра – это автопортрет Пушкина.'
);
INSERT INTO QUESTION_TIPS (QUESTION_ID, IS_USED, TIP_TEXT) VALUES (
  21, FALSE, 'Логотип находится над дверью трансформаторной будки рядом со служебным входом театра.'
);

INSERT INTO QUESTION_TIPS (QUESTION_ID, IS_USED, TIP_TEXT) VALUES (
  22, FALSE, 'Эта процедура связана с руками. '
);
INSERT INTO QUESTION_TIPS (QUESTION_ID, IS_USED, TIP_TEXT) VALUES (
  22, FALSE, 'При проведении этой процедуры используют мыло.'
);

INSERT INTO QUESTION_TIPS (QUESTION_ID, IS_USED, TIP_TEXT) VALUES (
  23, FALSE, 'Внимание! Мы намекаем на декоративные элементы на столбах балкона.'
);
INSERT INTO QUESTION_TIPS (QUESTION_ID, IS_USED, TIP_TEXT) VALUES (
  23, FALSE, 'В русской православной церкви эти архитектурные элементы заканчиваются крестами.'
);

INSERT INTO QUESTION_TIPS (QUESTION_ID, IS_USED, TIP_TEXT) VALUES (
  24, FALSE, 'Дмитрий Павлович требовал автора сменить название данного произведения, утверждая, что душа человека бессмертна.'
);

INSERT INTO QUESTION_TIPS (QUESTION_ID, IS_USED, TIP_TEXT) VALUES (
  25, FALSE, 'Ищите эту табличку на фасаде, примыкающем к следующему зданию.'
);
INSERT INTO QUESTION_TIPS (QUESTION_ID, IS_USED, TIP_TEXT) VALUES (
  25, FALSE, 'Эта маленькая табличка расположена практически на уровне глаз.'
);

INSERT INTO QUESTION_TIPS (QUESTION_ID, IS_USED, TIP_TEXT) VALUES (
  26, FALSE, 'Ответ Вы найдёте на информационной табличке у входа в музей.'
);

INSERT INTO QUESTION_TIPS (QUESTION_ID, IS_USED, TIP_TEXT) VALUES (
  27, FALSE, 'Всё просто: речь идёт об осветительных приборах. '
);

INSERT INTO QUESTION_TIPS (QUESTION_ID, IS_USED, TIP_TEXT) VALUES (
  28, FALSE, 'Ответ Вы найдёте на звеньях цепи, которая ограждает фонтан-ротонду.'
);

INSERT INTO QUESTION_TIPS (QUESTION_ID, IS_USED, TIP_TEXT) VALUES (
  30, FALSE, 'Павлины изображены на иконе, расположенной на восточном фасаде храма.'
);

INSERT INTO QUESTION_TIPS (QUESTION_ID, IS_USED, TIP_TEXT) VALUES (
  32, FALSE, 'Ответ Вы найдёте на одной из памятных досок, закреплённых на фасаде здания.'
);

INSERT INTO QUESTION_TIPS (QUESTION_ID, IS_USED, TIP_TEXT) VALUES (
  33, FALSE, 'Сегодняшний флигель «отзывается» на адрес дом под № 7Б.'
);
INSERT INTO QUESTION_TIPS (QUESTION_ID, IS_USED, TIP_TEXT) VALUES (
  33, FALSE, 'В эту деталь дверного устройства вставляется ключ. '
);

INSERT INTO QUESTION_TIPS (QUESTION_ID, IS_USED, TIP_TEXT) VALUES (
  34, FALSE, 'Рассмотрите барельеф, расположенный в левой части постамента (если стоять лицом к писателю).'
);
INSERT INTO QUESTION_TIPS (QUESTION_ID, IS_USED, TIP_TEXT) VALUES (
  34, FALSE, 'Этот персонаж – один из героев повести «Ночь перед Рождеством» из цикла «Вечера на хуторе близ Диканьки».'
);
INSERT INTO QUESTION_TIPS (QUESTION_ID, IS_USED, TIP_TEXT) VALUES (
  34, FALSE, 'Этот персонаж имеет рога и копыта.'
);




--
-- ANSWERS
--


INSERT INTO QUESTION_ANSWERS (QUESTION_ID, ANSWERS) VALUES (
  1, 'Театр'
);
INSERT INTO QUESTION_ANSWERS (QUESTION_ID, ANSWERS) VALUES (
  1, 'Театр Россия'
);
INSERT INTO QUESTION_ANSWERS (QUESTION_ID, ANSWERS) VALUES (
  1, 'Кинотеатр Россия'
);
INSERT INTO QUESTION_ANSWERS (QUESTION_ID, ANSWERS) VALUES (
  1, 'Кинотеатр Пушкинский'
);


INSERT INTO QUESTION_ANSWERS (QUESTION_ID, ANSWERS) VALUES (
  2, 'Сзади'
);
INSERT INTO QUESTION_ANSWERS (QUESTION_ID, ANSWERS) VALUES (
  2, 'Зад'
);

INSERT INTO QUESTION_ANSWERS (QUESTION_ID, ANSWERS) VALUES (
  3, 'Финляндия'
);
INSERT INTO QUESTION_ANSWERS (QUESTION_ID, ANSWERS) VALUES (
  3, 'Финн'
);

INSERT INTO QUESTION_ANSWERS (QUESTION_ID, ANSWERS) VALUES (
  4, '1654'
);

INSERT INTO QUESTION_ANSWERS (QUESTION_ID, ANSWERS) VALUES (
  5, 'Евгений Онегин'
);
INSERT INTO QUESTION_ANSWERS (QUESTION_ID, ANSWERS) VALUES (
  5, 'Онегин'
);

INSERT INTO QUESTION_ANSWERS (QUESTION_ID, ANSWERS) VALUES (
  6, 'Страстной монастырь'
);
INSERT INTO QUESTION_ANSWERS (QUESTION_ID, ANSWERS) VALUES (
  6, 'Страстной комплекс'
);
INSERT INTO QUESTION_ANSWERS (QUESTION_ID, ANSWERS) VALUES (
  6, 'Страстная церковь'
);

INSERT INTO QUESTION_ANSWERS (QUESTION_ID, ANSWERS) VALUES (
  7, 'Лев и орел'
);
INSERT INTO QUESTION_ANSWERS (QUESTION_ID, ANSWERS) VALUES (
  7, 'Орел и лев'
);
INSERT INTO QUESTION_ANSWERS (QUESTION_ID, ANSWERS) VALUES (
  7, 'орел лев'
);
INSERT INTO QUESTION_ANSWERS (QUESTION_ID, ANSWERS) VALUES (
  7, 'лев орел'
);

INSERT INTO QUESTION_ANSWERS (QUESTION_ID, ANSWERS) VALUES (
  9, 'Турандот'
);

INSERT INTO QUESTION_ANSWERS (QUESTION_ID, ANSWERS) VALUES (
  11, 'Кронштейн'
);

INSERT INTO QUESTION_ANSWERS (QUESTION_ID, ANSWERS) VALUES (
  12, '3'
);

INSERT INTO QUESTION_ANSWERS (QUESTION_ID, ANSWERS) VALUES (
  13, '1812'
);

INSERT INTO QUESTION_ANSWERS (QUESTION_ID, ANSWERS) VALUES (
  14, 'Крейсер Аврора'
);
INSERT INTO QUESTION_ANSWERS (QUESTION_ID, ANSWERS) VALUES (
  14, 'Аврора'
);

INSERT INTO QUESTION_ANSWERS (QUESTION_ID, ANSWERS) VALUES (
  15, 'Чайка'
);

INSERT INTO QUESTION_ANSWERS (QUESTION_ID, ANSWERS) VALUES (
  16, 'Рубашка'
);
INSERT INTO QUESTION_ANSWERS (QUESTION_ID, ANSWERS) VALUES (
  16, 'Воротник'
);
INSERT INTO QUESTION_ANSWERS (QUESTION_ID, ANSWERS) VALUES (
  16, 'Воротник рубашки'
);

INSERT INTO QUESTION_ANSWERS (QUESTION_ID, ANSWERS) VALUES (
  17, 'Климочкин'
);
INSERT INTO QUESTION_ANSWERS (QUESTION_ID, ANSWERS) VALUES (
  17, 'А.В. Климочкин'
);
INSERT INTO QUESTION_ANSWERS (QUESTION_ID, ANSWERS) VALUES (
  17, 'А. В. Климочкин'
);

INSERT INTO QUESTION_ANSWERS (QUESTION_ID, ANSWERS) VALUES (
  18, 'Пегас'
);

INSERT INTO QUESTION_ANSWERS (QUESTION_ID, ANSWERS) VALUES (
  20, 'Дантес'
);

INSERT INTO QUESTION_ANSWERS (QUESTION_ID, ANSWERS) VALUES (
  21, 'Часы'
);

INSERT INTO QUESTION_ANSWERS (QUESTION_ID, ANSWERS) VALUES (
  22, 'Мытье рук'
);
INSERT INTO QUESTION_ANSWERS (QUESTION_ID, ANSWERS) VALUES (
  22, 'Умываться'
);
INSERT INTO QUESTION_ANSWERS (QUESTION_ID, ANSWERS) VALUES (
  22, 'Мыть руки'
);
INSERT INTO QUESTION_ANSWERS (QUESTION_ID, ANSWERS) VALUES (
  22, 'Помыть руки'
);

INSERT INTO QUESTION_ANSWERS (QUESTION_ID, ANSWERS) VALUES (
  23, 'Купол'
);
INSERT INTO QUESTION_ANSWERS (QUESTION_ID, ANSWERS) VALUES (
  23, 'Купола'
);

INSERT INTO QUESTION_ANSWERS (QUESTION_ID, ANSWERS) VALUES (
  24, 'Гоголь'
);
INSERT INTO QUESTION_ANSWERS (QUESTION_ID, ANSWERS) VALUES (
  24, 'Н.В. Гоголь'
);
INSERT INTO QUESTION_ANSWERS (QUESTION_ID, ANSWERS) VALUES (
  24, 'Н. В. Гоголь'
);

INSERT INTO QUESTION_ANSWERS (QUESTION_ID, ANSWERS) VALUES (
  25, 'Востоковед'
);

INSERT INTO QUESTION_ANSWERS (QUESTION_ID, ANSWERS) VALUES (
  26, 'Государственный центральный театральный музей'
);
INSERT INTO QUESTION_ANSWERS (QUESTION_ID, ANSWERS) VALUES (
  26, 'центральный театральный музей'
);
INSERT INTO QUESTION_ANSWERS (QUESTION_ID, ANSWERS) VALUES (
  26, 'театральный музей'
);
INSERT INTO QUESTION_ANSWERS (QUESTION_ID, ANSWERS) VALUES (
  26, 'Национальный музей театра'
);

INSERT INTO QUESTION_ANSWERS (QUESTION_ID, ANSWERS) VALUES (
  27, 'Фонари'
);
INSERT INTO QUESTION_ANSWERS (QUESTION_ID, ANSWERS) VALUES (
  27, 'Освещение'
);

INSERT INTO QUESTION_ANSWERS (QUESTION_ID, ANSWERS) VALUES (
  28, '1999'
);

INSERT INTO QUESTION_ANSWERS (QUESTION_ID, ANSWERS) VALUES (
  30, '2'
);

INSERT INTO QUESTION_ANSWERS (QUESTION_ID, ANSWERS) VALUES (
  32, 'Соломин'
);
INSERT INTO QUESTION_ANSWERS (QUESTION_ID, ANSWERS) VALUES (
  32, 'В.М. Соломин'
);
INSERT INTO QUESTION_ANSWERS (QUESTION_ID, ANSWERS) VALUES (
  32, 'Виталий Соломин'
);

INSERT INTO QUESTION_ANSWERS (QUESTION_ID, ANSWERS) VALUES (
  33, 'Скважина'
);
INSERT INTO QUESTION_ANSWERS (QUESTION_ID, ANSWERS) VALUES (
  33, 'Замочная скважина'
);

INSERT INTO QUESTION_ANSWERS (QUESTION_ID, ANSWERS) VALUES (
  34, 'Черт'
);
INSERT INTO QUESTION_ANSWERS (QUESTION_ID, ANSWERS) VALUES (
  34, 'Дьявол'
);
