INSERT INTO QUESTION (ID, IS_PASSED, NO_ANSWER_NEEDED, STORY, QUESTION_TEXT) VALUES (
  1,
  FALSE,
  FALSE,
  'Вновь приветствуем Вас у памятника Александру Сергеевичу, отлично знакомому любому москвичу и гостю столицы с младых ногтей. Но мало кто знает, что изначально Пушкин вовсе не был «прописан» по этому адресу. Серьёзно, «наше всё» в бронзовом исполнении располагался на противоположной стороне Тверской. Как так?! Да очень просто: по замыслу скульптора А. М. Опекушина прогуливавшийся по центру Москвы поэт выходил к Страстному монастырю, снимал шляпу и склонял голову перед святыней. Казалось бы, отличная задумка, но… случившаяся в 1917 г. революция внесла существенные поправки в этот художественный план. Начнём с того, что монастырь был превращён в Центральный антирелигиозный музей союза безбожников, а в 1937 г. и вовсе снесён – на глазах у скорбно взирающего на это бесчинство Пушкина. Самого же поэта развернули на 180 градусов и перенесли в сквер с фонтанами и клумбами, образованный на том самом месте, где ранее находился Страстной монастырь.',
  'Кстати, Вы поняли, какое современное здание стоит на фундаментах того монастыря, о котором мы ведём свой рассказ?'
);
INSERT INTO QUESTION (ID, IS_PASSED, NO_ANSWER_NEEDED, STORY, QUESTION_TEXT) VALUES (
  2,
  FALSE,
  FALSE,
  'Вообще-то памятник гениальному русскому поэту был открыт задолго до описанных нами событий – 6 июня 1880 г. И да, пьедестал его вполне ожидаемо украсили строки из одноимённого пушкинского произведения. Правда, часть стихотворных строк не прошла цензуру. Нет, ну правда, чиновники посчитали, что строфа: «Что в мой жестокий век восславил я Свободу» бросает тень на царский режим, а потому лёгким росчерком пера заменили её на вполне невинную: «Что прелестью живой стихов я был полезен». Но будьте спокойны: историческая и литературная справедливость всё же восторжествовала! В 1936 г. оригинальный пушкинский текст, очень даже соответствовавший позиции большевиков касательно царского режима, решили вернуть на место. Ну и орфографию под шумок поменяли :) Хотя в одном-единственном месте надпись старого образца сохранилась.',
  'Встав лицом к лицу Пушкина, определите, где же сохранилась историческая надпись на постаменте памятника: слева, справа или сзади?'
);
INSERT INTO QUESTION (ID, IS_PASSED, NO_ANSWER_NEEDED, STORY, QUESTION_TEXT) VALUES (
  3,
  FALSE,
  FALSE,
  'Согласно одной из цитат стихотворения «Памятник», строки которого мы видим на данном пьедестале, Пушкин искренне надеялся на добрую память о себе представителей разных народов, которые населяли Россию в 19 в. Не сомневаемся, что потомки из разных уголков страны вспоминают великого гения с благодарностью и восхищением. Но есть одна «загвоздочка»: один из перечисленных поэтом потомков на данный момент живёт на территории собственного независимого государства.',
  'Какого именно?'
);
INSERT INTO QUESTION (ID, IS_PASSED, NO_ANSWER_NEEDED, STORY, QUESTION_TEXT) VALUES (
  4,
  FALSE,
  FALSE,
  'Как Вы поняли, здание нынешнего театра «Россия» (оно же экс-кинотеатр «Пушкинский», а ещё ранее кинотеатр «Россия») было воздвигнуто в 1964 г. на фундаментах Страстного монастыря. Что интересно, одно из монастырских строений сохранилось во время сноса и даже смогло слиться с задней частью театра – видимо, в надежде на возможное возрождение обители…',
  'Осмотревшись, ответьте на вопрос: а в каком году был основан этот монастырь с непростой судьбой?'
);
INSERT INTO QUESTION (ID, IS_PASSED, NO_ANSWER_NEEDED, STORY, QUESTION_TEXT) VALUES (
  5,
  FALSE,
  FALSE,
  'Вернувшись к памятнику Пушкину, встаньте спиной к поэту, не забыв изобразить на лице более радостное выражение, нежели то, которое скульптор запечатлел на бронзовом лике гения :) Вы спросите, почему это мы выказываем столь явное неуважение к светилу русской поэзии? Отнюдь, мы уверены, что Александр Сергеевич нас поддержит, ведь по старой памяти он наверняка и сам любуется угловым домом. На башенке жилого дома под № 17 раньше стояла статуя девушки с серпом и молотом. Кстати, моделью для этой изящной мадемуазель послужила прима-балерина Большого театра Ольга Лепешинская, в связи с чем в народе здание получило название «дом под юбкой» :) Шутники-острословы сочинили по этому поводу стишок: «Над головою у поэта воздвигли даму из балета, чтоб Александр Сергеич мог увидеть пару стройных ног». Ну, Вы ведь помните, что Пушкин был большим ценителем женских ножек? :)',
  'А в каком известном произведении он посвятил энное количество стихов этому предмету своего обожания?'
);
INSERT INTO QUESTION (ID, IS_PASSED, NO_ANSWER_NEEDED, STORY, QUESTION_TEXT) VALUES (
  6,
  FALSE,
  FALSE,
  'Увы и ах, сейчас пьедестал для лучших ножек России :) предательски пустует. Видимо, прав был поэт, говоря, что сложно найти «в России целой три пары стройных женских ног...» :) Ну а если говорить серьёзно, то со временем скульптура девушки на башне начала разваливаться, и в 1958 г. власти, не утруждая себя ремонтом, решили её просто-напросто убрать. Эх, можно себе представить, как огорчился этому факту Пушкин! Ну, мы-то с Вами не станем лить слёзы по этому поводу, а потому, обернувшись спиной к памятнику, просто завернём налево и пройдём в направлении здания с вывеской Н&M. Достигнув наземного пешеходного перехода, перейдите по нему на другую сторону Страстного бульвара и, повернув налево, спуститесь в подземный переход, чтобы через него попасть аккурат к «дому под юбкой». Хотя… секууундочку! Вы заметили это панно, выполненное в технике флорентийской мозаики? Между прочим, оно состоит из тонких пластинок двух десятков сортов мрамора, а также полудрагоценных камней – оникса, хризолита, змеевика… ',
  'Изучив эту прекрасную мозаику и используя полученную ранее информацию, ответьте на вопрос: в состав какого комплекса входила изображённая на данном панно церковь? '
);
INSERT INTO QUESTION (ID, IS_PASSED, NO_ANSWER_NEEDED, STORY, QUESTION_TEXT) VALUES (
  7,
  FALSE,
  FALSE,
  'Выйдя из подземного перехода, пройдите буквально пару шагов по Тверскому бульвару, вдоль фасада того самого «дома под юбкой». Почти сразу же на Вашем пути возникнет магазин и ресторан «Армения» в одном лице – в смысле, в одном крыльце :) Проявив внимательность, Вы заметите, что оба этих заведения, помимо всего прочего, украшает герб этой страны.',
  'А какие изображённые на нём животные символизируют мудрость и благородство, а также гордость и терпение армянского народа?'
);
INSERT INTO QUESTION (ID, IS_PASSED, NO_ANSWER_NEEDED, STORY, QUESTION_TEXT) VALUES (
  8,
  FALSE,
  TRUE,
  'Ну а теперь будьте готовы немного «потопать» :) Нет, ну не зря же Тверской бульвар называют самым длинным в Москве: его протяжённость составляет целых 872 м! Но… будьте спокойны: Вам вовсе не придётся преодолевать это расстояние за раз! По пути мы сделаем немалое количество квестовых остановок. И для начала как следует изучим следующие за «домом под юбкой» здания в стиле классицизма, фасады которых давно и прочно срослись между собой. Вы спросите, почему? Всему виной их совместная история, ведь дома эти являлись частью бывшего усадебного комплекса середины 18 в. Эта усадьба принадлежала одному из фаворитов Екатерины II – молодому, симпатичному и недалёкому Ивану Римскому-Корсакову. Нет-нет, не композитору, а красавцу-вельможе, знатному Дон Жуану екатерининских времён. Чтобы Вы понимали, насколько он был хорош собой: Екатерина писала, что «его следовало бы брать как модель» всем скульпторам и живописцам. В общем, огонь-мужчина, как сказали бы в наши дни :) Ах да, этот юноша успел вскружить голову не только императрице, но и многим придворным дамам, за что был в итоге удалён со двора. В числе поддавшихся его чарам была и графиня Е. П. Строганова, которая увлеклась Римским-Корсаковым настолько, что оставила в Петербурге не только мужа, но и 5-летнего сына и последовала за возлюбленным в Москву. Кстати, надо отдать должное благородству мужа графини: он не просто отпустил жену с миром, но и наделил деньгами, домом и имением. Вот такая вот незаурядная история!',
  ''
);
INSERT INTO QUESTION (ID, IS_PASSED, NO_ANSWER_NEEDED, STORY, QUESTION_TEXT) VALUES (
  9,
  FALSE,
  FALSE,
  'Несмотря на кажущееся безрассудство, этот «роман противоположностей» прошёл испытание временем. До конца своих дней графиня хранила привязанность к Римскому-Корсакову, и они счастливо жили между имением в Братцево и Москвой, где одинаково роскошно принимали высшее общество. Поговаривают даже, что в этом доме на Тверском бульваре Ивана Николаевича посещал сам А. С. Пушкин, любивший послушать его рассказы о Екатерине, Потёмкине и былых временах. Не зря же в наши дни в одном из зданий экс-усадьбы располагается кафе «Пушкинъ» с изысканным меню и непомерно высокими ценами. Впрочем, помимо имени гениального поэта, Вы встретите на фасаде одного из строений экс-усадьбы ещё одно знаковое имя, принадлежащее сказочной китайской принцессе.',
  'Ну что, нашли упоминание этой прекрасной особы на одном из здешних фасадов? В таком случае назовите её имя!'
);
INSERT INTO QUESTION (ID, IS_PASSED, NO_ANSWER_NEEDED, STORY, QUESTION_TEXT) VALUES (
  10,
  FALSE,
  TRUE,
  'Имя прекрасной принцессы Турандот, так же как и имя бывшего владельца этих зданий, связано с любовной историей. Да-да, согласно сюжету одноимённой сказки итальянского драматурга Карло Гоцци, эта китайская принцесса категорически не хотела выходить замуж. Но вот незадача – отец настаивал! Чтобы избавиться от назойливых претендентов на свои руку и сердце, девушка придумала для бедолаг-женихов заведомо невыполнимое испытание: три труднейших загадки. Кто их не отгадает… В общем, Вы поняли: казнить, нельзя помиловать. И что бы Вы думали? Желающих нашлось немало, а, значит, немало оказалось и тех, кто лишился голов по собственной глупости. Так бы и продолжался дальше этот любовный беспредел, если бы на сцене не появился принц Калаф. Ему-то и удалось завоевать сердце непокорной красавицы и даже сыграть с ней свадебку. Ну, Вы поняли: в общем, happy end :)',
  ''
);
INSERT INTO QUESTION (ID, IS_PASSED, NO_ANSWER_NEEDED, STORY, QUESTION_TEXT) VALUES (
  11,
  FALSE,
  FALSE,
  'Дом Римского-Корсакова «с большим великолепным садом, с беседками, статуями и прудами» являлся без преувеличения украшением Тверского бульвара. Эх, до чего же жаль, что вся эта красота доступна нам сегодня лишь в весьма усечённом объёме. Да, до наших дней дошли лишь частично сохранившиеся фасады, которые чудом остались после сноса всех зданий усадьбы в рамках «реставрации» 2007 г. Ну что ж, будем довольствоваться теми «крохами» былого великолепия, что остались нам в наследство… Продолжив изучать длинный и разноцветный фасад экс-усадьбы Римского-Корсакова, Вы обнаружите на нём мифологических существ – так называемых грифонов.',
  'А в каком именно месте фасада они притаились?'
);
INSERT INTO QUESTION (ID, IS_PASSED, NO_ANSWER_NEEDED, STORY, QUESTION_TEXT) VALUES (
  12,
  FALSE,
  FALSE,
  'Проходя мимо чередующихся розовых и жёлтых особнячков бывшей усадьбы, обратите внимание на их декор. На одном из них Вы найдёте медальоны-барельефы с изображением орлов и заметите, что некоторые из этих птиц смотрят друг на друга – словно находятся в процессе увлечённой беседы.',
  'А какой по счёту орёл (если считать слева направо) не нашёл достойного собеседника на этом фасаде? :)'
);
INSERT INTO QUESTION (ID, IS_PASSED, NO_ANSWER_NEEDED, STORY, QUESTION_TEXT) VALUES (
  13,
  FALSE,
  FALSE,
  'Продолжим движение вперёд, тем более что Тверскому бульвару ещё определённо есть чем похвастаться :) Скажем, один из стоявших здесь ранее домов, в которых графиня Е. П. Строганова и И. Н. Римский-Корсаков жили долго, счастливо и на широкую ногу, позднее принадлежал самой богатой семье России – князьям Юсуповым. А точнее тому самому Феликсу Юсупову, который участвовал в убийстве Григория Распутина. Правда, сам красавец-князь в доме особо не проживал, зато во время одного из своих визитов успел, по слухам, спрятать здесь клад. Увы, отправиться на поиски сокровищ в наши дни не удастся, ведь дом этот, совместно с другими «собратьями», канул в Лету… От него остался лишь флигель – д. 24, стр. 1, как он именуется в наши дни. И да, этот домик – единственная сохранившаяся историческая постройка во всём комплексе экс-усадьбы! Правда, его пришлось изрядно подремонтировать после пожара…',
  'А в каком году произошёл пожар, о котором идёт речь?'
);
INSERT INTO QUESTION (ID, IS_PASSED, NO_ANSWER_NEEDED, STORY, QUESTION_TEXT) VALUES (
  14,
  FALSE,
  FALSE,
  'Подходим к очередной достопримечательности на нашем пути. И это – та-дам! – МХАТ им. Горького. Тот самый МХАТ, что чтит традиции К. С. Станиславского и В. И. Немировича-Данченко и с честью несёт театральное знамя, появившееся в советскую эпоху. В общем, неудивительно, что во времена Советского Союза он был награждён аж тремя различными орденами, которые Вы можете видеть на фасаде здания. Изучая эти ордена, Вы наверняка заметите на одном из них некое устройство для передвижения по воде, у которого, кстати, есть собственное название.',
  'Порывшись в глубинах памяти, ответьте: какое же имя носит это плавучее сооружение?'
);
INSERT INTO QUESTION (ID, IS_PASSED, NO_ANSWER_NEEDED, STORY, QUESTION_TEXT) VALUES (
  15,
  FALSE,
  FALSE,
  'Возможно, Вы в курсе, что ещё в 1987 г. МХАТ СССР им. М. Горького разделился на два лагеря: МХАТ под руководством Олега Ефремова, получивший имя А. П. Чехова, и МХАТ под руководством Татьяны Дорониной, сохранивший в своём названии имя М. Горького. Здешний МХАТ определил своё театральное кредо как «возвращение к Станиславскому», ну а МХТ им. А. П. Чехова… нет, не пустился во все тяжкие :), но, скажем так, оказался гораздо более открыт к экспериментам и обновлениям. При этом труппы обоих театров сохранили в своих эмблемах главную символику некогда единого МХАТа.',
  'Так что же является символом двух этих театров?'
);
INSERT INTO QUESTION (ID, IS_PASSED, NO_ANSWER_NEEDED, STORY, QUESTION_TEXT) VALUES (
  16,
  FALSE,
  FALSE,
  'Дойдя до конца фасада театра, перейдите по пешеходному переходу к временно потерявшей свой зелёный облик части бульвара и, завернув налево, продолжайте движение в направлении виднеющегося впереди памятника. Ладно-ладно, не станем держать интригу и сразу раскроем карты :) Мы движемся к памятнику Сергею Есенину, открытому к 100-летию со дня рождения поэта. Подойдя ближе и как следует рассмотрев этот монумент, попробуйте разгадать художественный замысел скульптора и ответьте:',
  'Какая деталь памятника говорит нам о том, что у Есенина «душа была нараспашку»?'
);



--
-- TIPS
--


INSERT INTO QUESTION_TIPS (QUESTION_ID, IS_USED, TIP_TEXT) VALUES (
    1, FALSE, 'Вот же оно, высится прямо перед Вами в конце сквера.'
);
INSERT INTO QUESTION_TIPS (QUESTION_ID, IS_USED, TIP_TEXT) VALUES (
  1, FALSE, 'В наши дни в этом здании, как правило, дают мюзиклы.'
);

INSERT INTO QUESTION_TIPS (QUESTION_ID, IS_USED, TIP_TEXT) VALUES (
  2, FALSE, 'Оригинальный текст нанесён высоким рельефом в старой орфографии.'
);
INSERT INTO QUESTION_TIPS (QUESTION_ID, IS_USED, TIP_TEXT) VALUES (
  2, FALSE, 'Это надпись: «Сооруженъ въ 1880 году».'
);

INSERT INTO QUESTION_TIPS (QUESTION_ID, IS_USED, TIP_TEXT) VALUES (
  3, FALSE, 'Тунгусы и калмыки являются народами РФ.'
);
INSERT INTO QUESTION_TIPS (QUESTION_ID, IS_USED, TIP_TEXT) VALUES (
  3, FALSE, 'Славяне – это крупнейшая в Европе этноязыковая общность. '
);

INSERT INTO QUESTION_TIPS (QUESTION_ID, IS_USED, TIP_TEXT) VALUES (
  4, FALSE, 'Ответ Вы найдёте на памятном камне, расположенном рядом с фонтаном. '
);

INSERT INTO QUESTION_TIPS (QUESTION_ID, IS_USED, TIP_TEXT) VALUES (
  5, FALSE, 'Речь идёт о, пожалуй, самом известном произведении Пушкина.'
);
INSERT INTO QUESTION_TIPS (QUESTION_ID, IS_USED, TIP_TEXT) VALUES (
  5, FALSE, 'Мы намекаем на культовый роман в стихах, который по праву называют энциклопедией русской жизни 1820-ых гг.'
);

INSERT INTO QUESTION_TIPS (QUESTION_ID, IS_USED, TIP_TEXT) VALUES (
6, FALSE, 'Изучите оформление подземного перехода ещё до того, как спуститесь в него – там Вы и найдете это прекрасное панно.'
);
INSERT INTO QUESTION_TIPS (QUESTION_ID, IS_USED, TIP_TEXT) VALUES (
  6, FALSE, 'Сегодня на месте этого комплекса располагается театр «Россия».'
);

INSERT INTO QUESTION_TIPS (QUESTION_ID, IS_USED, TIP_TEXT) VALUES (
  7, FALSE, 'Будьте внимательны! Этих животных двое!'
);
INSERT INTO QUESTION_TIPS (QUESTION_ID, IS_USED, TIP_TEXT) VALUES (
  7, FALSE, 'Гербы Вы увидите на светильниках, прикреплённых к фасаду здания.'
);
INSERT INTO QUESTION_TIPS (QUESTION_ID, IS_USED, TIP_TEXT) VALUES (
  7, FALSE, 'Обратите внимание не на щит, а на поддерживающих его животных.'
);

INSERT INTO QUESTION_TIPS (QUESTION_ID, IS_USED, TIP_TEXT) VALUES (
  9, FALSE, 'Ответ Вы найдёте на вывеске рядом с дверью расположившегося здесь кафе. Да-да, ещё одного :)'
);
INSERT INTO QUESTION_TIPS (QUESTION_ID, IS_USED, TIP_TEXT) VALUES (
  9, FALSE, 'Это кафе находится в первом по счёту здании жёлтого цвета.'
);

INSERT INTO QUESTION_TIPS (QUESTION_ID, IS_USED, TIP_TEXT) VALUES (
  11, FALSE, 'Этих существ Вы также обнаружите на первом по счёту жёлтом здании.'
);
INSERT INTO QUESTION_TIPS (QUESTION_ID, IS_USED, TIP_TEXT) VALUES (
  11, FALSE, 'Внимательно изучите кронштейны фонарей. Ну как, нашли этих крылатых грифончиков? :)'
);

INSERT INTO QUESTION_TIPS (QUESTION_ID, IS_USED, TIP_TEXT) VALUES (
  12, FALSE, 'Ищите эти медальоны на втором по счёту жёлтом особняке.'
);
INSERT INTO QUESTION_TIPS (QUESTION_ID, IS_USED, TIP_TEXT) VALUES (
  12, FALSE, 'Они расположены сразу над балконами.'
);

INSERT INTO QUESTION_TIPS (QUESTION_ID, IS_USED, TIP_TEXT) VALUES (
  13, FALSE, 'Ответ Вы найдёте на мемориальной доске, расположенной на фасаде здания.'
);

INSERT INTO QUESTION_TIPS (QUESTION_ID, IS_USED, TIP_TEXT) VALUES (
  14, FALSE, 'Точно такое же имя носит богиня утренней зари в римской мифологии.'
);
INSERT INTO QUESTION_TIPS (QUESTION_ID, IS_USED, TIP_TEXT) VALUES (
  14, FALSE, 'Это крейсер, и находится он в Санкт-Петербурге.'
);

INSERT INTO QUESTION_TIPS (QUESTION_ID, IS_USED, TIP_TEXT) VALUES (
  15, FALSE, 'Этот символ Вы найдёте на табличке с названием театра рядом с тремя орденами. '
);
INSERT INTO QUESTION_TIPS (QUESTION_ID, IS_USED, TIP_TEXT) VALUES (
  15, FALSE, 'Он имеет непосредственное отношение к Антону Павловичу. Точнее, к одной из его пьес.'
);

INSERT INTO QUESTION_TIPS (QUESTION_ID, IS_USED, TIP_TEXT) VALUES (
  16, FALSE, 'Обратите внимание на ворот рубахи поэта. '
);




--
-- ANSWERS
--


INSERT INTO QUESTION_ANSWERS (QUESTION_ID, ANSWERS) VALUES (
  1, 'Театр'
);
INSERT INTO QUESTION_ANSWERS (QUESTION_ID, ANSWERS) VALUES (
  1, 'Театр Россия'
);
INSERT INTO QUESTION_ANSWERS (QUESTION_ID, ANSWERS) VALUES (
  1, 'Кинотеатр Россия'
);
INSERT INTO QUESTION_ANSWERS (QUESTION_ID, ANSWERS) VALUES (
  1, 'Кинотеатр Пушкинский'
);


INSERT INTO QUESTION_ANSWERS (QUESTION_ID, ANSWERS) VALUES (
  2, 'Сзади'
);
INSERT INTO QUESTION_ANSWERS (QUESTION_ID, ANSWERS) VALUES (
  2, 'Зад'
);

INSERT INTO QUESTION_ANSWERS (QUESTION_ID, ANSWERS) VALUES (
  3, 'Финляндия'
);
INSERT INTO QUESTION_ANSWERS (QUESTION_ID, ANSWERS) VALUES (
  3, 'Финн'
);

INSERT INTO QUESTION_ANSWERS (QUESTION_ID, ANSWERS) VALUES (
  4, '1654'
);

INSERT INTO QUESTION_ANSWERS (QUESTION_ID, ANSWERS) VALUES (
  5, 'Евгений Онегин'
);
INSERT INTO QUESTION_ANSWERS (QUESTION_ID, ANSWERS) VALUES (
  5, 'Онегин'
);

INSERT INTO QUESTION_ANSWERS (QUESTION_ID, ANSWERS) VALUES (
  6, 'Страстной монастырь'
);
INSERT INTO QUESTION_ANSWERS (QUESTION_ID, ANSWERS) VALUES (
  6, 'Страстной комплекс'
);
INSERT INTO QUESTION_ANSWERS (QUESTION_ID, ANSWERS) VALUES (
  6, 'Страстная церковь'
);

INSERT INTO QUESTION_ANSWERS (QUESTION_ID, ANSWERS) VALUES (
  7, 'Лев и орел'
);
INSERT INTO QUESTION_ANSWERS (QUESTION_ID, ANSWERS) VALUES (
  7, 'Орел и лев'
);
INSERT INTO QUESTION_ANSWERS (QUESTION_ID, ANSWERS) VALUES (
  7, 'орел лев'
);
INSERT INTO QUESTION_ANSWERS (QUESTION_ID, ANSWERS) VALUES (
  7, 'лев орел'
);

INSERT INTO QUESTION_ANSWERS (QUESTION_ID, ANSWERS) VALUES (
  9, 'Турандот'
);

INSERT INTO QUESTION_ANSWERS (QUESTION_ID, ANSWERS) VALUES (
  11, 'Кронштейн'
);

INSERT INTO QUESTION_ANSWERS (QUESTION_ID, ANSWERS) VALUES (
  12, '3'
);

INSERT INTO QUESTION_ANSWERS (QUESTION_ID, ANSWERS) VALUES (
  13, '1812'
);

INSERT INTO QUESTION_ANSWERS (QUESTION_ID, ANSWERS) VALUES (
  14, 'Крейсер Аврора'
);
INSERT INTO QUESTION_ANSWERS (QUESTION_ID, ANSWERS) VALUES (
  14, 'Аврора'
);

INSERT INTO QUESTION_ANSWERS (QUESTION_ID, ANSWERS) VALUES (
  15, 'Чайка'
);

INSERT INTO QUESTION_ANSWERS (QUESTION_ID, ANSWERS) VALUES (
  16, 'Рубашка'
);
INSERT INTO QUESTION_ANSWERS (QUESTION_ID, ANSWERS) VALUES (
  16, 'Воротник'
);
INSERT INTO QUESTION_ANSWERS (QUESTION_ID, ANSWERS) VALUES (
  16, 'Воротник рубашки'
);